{
  "Working Directory" : "\/Users\/niklas",
  "Prompt Before Closing 2" : false,
  "Selected Text Color" : {
    "Red Component" : 0.77647058823529413,
    "Color Space" : "sRGB",
    "Blue Component" : 0.96078431372549022,
    "Alpha Component" : 1,
    "Green Component" : 0.81568627450980391
  },
  "Rows" : 25,
  "Ansi 11 Color" : {
    "Red Component" : 0.89803921568627454,
    "Color Space" : "sRGB",
    "Blue Component" : 0.56470588235294117,
    "Alpha Component" : 1,
    "Green Component" : 0.78431372549019607
  },
  "Use Italic Font" : true,
  "Foreground Color" : {
    "Red Component" : 0.77647058823529413,
    "Color Space" : "sRGB",
    "Blue Component" : 0.96078431372549022,
    "Alpha Component" : 1,
    "Green Component" : 0.81568627450980391
  },
  "Use Custom Window Title" : false,
  "Right Option Key Sends" : 0,
  "Character Encoding" : 4,
  "Selection Color" : {
    "Red Component" : 0.3843137254901961,
    "Color Space" : "sRGB",
    "Blue Component" : 0.50196078431372548,
    "Alpha Component" : 1,
    "Green Component" : 0.40784313725490196
  },
  "Mouse Reporting" : true,
  "Cursor Boost" : 0,
  "Ansi 4 Color" : {
    "Red Component" : 0.5490196078431373,
    "Color Space" : "sRGB",
    "Blue Component" : 0.93333333333333335,
    "Alpha Component" : 1,
    "Green Component" : 0.66666666666666663
  },
  "Non-ASCII Anti Aliased" : true,
  "Sync Title" : false,
  "Disable Window Resizing" : true,
  "Description" : "Default",
  "Close Sessions On End" : true,
  "Jobs to Ignore" : [
    "rlogin",
    "ssh",
    "slogin",
    "telnet"
  ],
  "Scrollback Lines" : 1000,
  "Draw Powerline Glyphs" : true,
  "Flashing Bell" : false,
  "Cursor Guide Color" : {
    "Red Component" : 0.77647058823529413,
    "Color Space" : "sRGB",
    "Blue Component" : 0.96078431372549022,
    "Alpha Component" : 0.070000000000000007,
    "Green Component" : 0.81568627450980391
  },
  "BM Growl" : true,
  "Ansi 3 Color" : {
    "Red Component" : 0.89803921568627454,
    "Color Space" : "sRGB",
    "Blue Component" : 0.56470588235294117,
    "Alpha Component" : 1,
    "Green Component" : 0.78431372549019607
  },
  "Use Non-ASCII Font" : false,
  "Link Color" : {
    "Red Component" : 0.59999999999999998,
    "Color Space" : "sRGB",
    "Blue Component" : 0.85882352941176465,
    "Alpha Component" : 1,
    "Green Component" : 0.81960784313725488
  },
  "Shortcut" : "",
  "Bold Color" : {
    "Red Component" : 0.77647058823529413,
    "Color Space" : "sRGB",
    "Blue Component" : 0.96078431372549022,
    "Alpha Component" : 1,
    "Green Component" : 0.81568627450980391
  },
  "Custom Window Title" : "$PATH",
  "Unlimited Scrollback" : false,
  "Custom Command" : "No",
  "Keyboard Map" : {
    "0xf704-0x20000" : {
      "Action" : 10,
      "Text" : "[1;2P"
    },
    "0xf700-0x260000" : {
      "Action" : 10,
      "Text" : "[1;6A"
    },
    "0x37-0x40000" : {
      "Action" : 11,
      "Text" : "0x1f"
    },
    "0x32-0x40000" : {
      "Action" : 11,
      "Text" : "0x00"
    },
    "0xf709-0x20000" : {
      "Action" : 10,
      "Text" : "[17;2~"
    },
    "0xf70c-0x20000" : {
      "Action" : 10,
      "Text" : "[20;2~"
    },
    "0xf729-0x20000" : {
      "Action" : 10,
      "Text" : "[1;2H"
    },
    "0xf702-0x300000-0x7b" : {
      "Version" : 1,
      "Action" : 11,
      "Text" : "0x01",
      "Label" : ""
    },
    "0xf72b-0x40000" : {
      "Action" : 10,
      "Text" : "[1;5F"
    },
    "0xf705-0x20000" : {
      "Action" : 10,
      "Text" : "[1;2Q"
    },
    "0xf703-0x260000" : {
      "Action" : 10,
      "Text" : "[1;6C"
    },
    "0xf700-0x220000" : {
      "Action" : 10,
      "Text" : "[1;2A"
    },
    "0x6c-0x40000-0x25" : {
      "Version" : 1,
      "Action" : 22,
      "Text" : "",
      "Label" : ""
    },
    "0xf701-0x280000" : {
      "Action" : 11,
      "Text" : "0x1b 0x1b 0x5b 0x42"
    },
    "0x38-0x40000" : {
      "Action" : 11,
      "Text" : "0x7f"
    },
    "0x33-0x40000" : {
      "Action" : 11,
      "Text" : "0x1b"
    },
    "0x7f-0x100000-0x33" : {
      "Version" : 1,
      "Action" : 11,
      "Text" : "0x18 0x7f",
      "Label" : ""
    },
    "0xf703-0x300000-0x7c" : {
      "Version" : 1,
      "Action" : 11,
      "Text" : "0x05",
      "Label" : ""
    },
    "0xf703-0x220000" : {
      "Action" : 10,
      "Text" : "[1;2C"
    },
    "0xf701-0x240000" : {
      "Action" : 10,
      "Text" : "[1;5B"
    },
    "0xf703-0x280000-0x0" : {
      "Version" : 0,
      "Action" : 10,
      "Text" : "f",
      "Label" : ""
    },
    "0xf70d-0x20000" : {
      "Action" : 10,
      "Text" : "[21;2~"
    },
    "0xf702-0x260000" : {
      "Action" : 10,
      "Text" : "[1;6D"
    },
    "0xf729-0x40000" : {
      "Action" : 10,
      "Text" : "[1;5H"
    },
    "0xf706-0x20000" : {
      "Action" : 10,
      "Text" : "[1;2R"
    },
    "0x34-0x40000" : {
      "Action" : 11,
      "Text" : "0x1c"
    },
    "0x6b-0x100000-0x28" : {
      "Version" : 1,
      "Action" : 13,
      "Text" : "",
      "Label" : ""
    },
    "0xf700-0x280000" : {
      "Action" : 11,
      "Text" : "0x1b 0x1b 0x5b 0x41"
    },
    "0x2d-0x40000" : {
      "Action" : 11,
      "Text" : "0x1f"
    },
    "0xf70e-0x20000" : {
      "Action" : 10,
      "Text" : "[23;2~"
    },
    "0xf702-0x220000" : {
      "Action" : 10,
      "Text" : "[1;2D"
    },
    "0xf700-0x240000" : {
      "Action" : 10,
      "Text" : "[1;5A"
    },
    "0xf707-0x20000" : {
      "Action" : 10,
      "Text" : "[1;2S"
    },
    "0xf70a-0x20000" : {
      "Action" : 10,
      "Text" : "[18;2~"
    },
    "0x35-0x40000" : {
      "Action" : 11,
      "Text" : "0x1d"
    },
    "0xf70f-0x20000" : {
      "Action" : 10,
      "Text" : "[24;2~"
    },
    "0xf703-0x240000" : {
      "Action" : 10,
      "Text" : "[1;5C"
    },
    "0xf701-0x260000" : {
      "Action" : 10,
      "Text" : "[1;6B"
    },
    "0xf72b-0x20000" : {
      "Action" : 10,
      "Text" : "[1;2F"
    },
    "0x36-0x40000" : {
      "Action" : 11,
      "Text" : "0x1e"
    },
    "0xf708-0x20000" : {
      "Action" : 10,
      "Text" : "[15;2~"
    },
    "0xf701-0x220000" : {
      "Action" : 10,
      "Text" : "[1;2B"
    },
    "0xf70b-0x20000" : {
      "Action" : 10,
      "Text" : "[19;2~"
    },
    "0xf702-0x280000-0x0" : {
      "Version" : 0,
      "Action" : 10,
      "Text" : "b",
      "Label" : ""
    },
    "0xf702-0x240000" : {
      "Action" : 10,
      "Text" : "[1;5D"
    },
    "0x6a-0x100000-0x26" : {
      "Version" : 1,
      "Action" : 13,
      "Text" : "",
      "Label" : ""
    }
  },
  "Ansi 14 Color" : {
    "Red Component" : 0.50588235294117645,
    "Color Space" : "sRGB",
    "Blue Component" : 0.74509803921568629,
    "Alpha Component" : 1,
    "Green Component" : 0.78431372549019607
  },
  "Ansi 2 Color" : {
    "Red Component" : 0.65098039215686276,
    "Color Space" : "sRGB",
    "Blue Component" : 0.53725490196078429,
    "Alpha Component" : 1,
    "Green Component" : 0.81960784313725488
  },
  "Send Code When Idle" : false,
  "ASCII Anti Aliased" : true,
  "Tags" : [

  ],
  "Ansi 9 Color" : {
    "Red Component" : 0.90588235294117647,
    "Color Space" : "sRGB",
    "Blue Component" : 0.51764705882352946,
    "Alpha Component" : 1,
    "Green Component" : 0.50980392156862742
  },
  "Use Bold Font" : true,
  "Silence Bell" : false,
  "Ansi 12 Color" : {
    "Red Component" : 0.5490196078431373,
    "Color Space" : "sRGB",
    "Blue Component" : 0.93333333333333335,
    "Alpha Component" : 1,
    "Green Component" : 0.66666666666666663
  },
  "Window Type" : 0,
  "Use Bright Bold" : false,
  "Cursor Text Color" : {
    "Red Component" : 0.77647058823529413,
    "Color Space" : "sRGB",
    "Blue Component" : 0.96078431372549022,
    "Alpha Component" : 1,
    "Green Component" : 0.81568627450980391
  },
  "Default Bookmark" : "No",
  "Cursor Color" : {
    "Red Component" : 0.94901960784313721,
    "Color Space" : "sRGB",